,username,target,,,
Humak <The Boys>,humak,zaenia/briax,,,
zaenia/briax,.kalaith,Sspeedweed,,,
Sspeedweed,babagus_,Sunni,,,
Sunni <The Boys>,nwosunni,Untemi/Nitem,,,
Untemi/Nitem,untemi,Gnomechomsky,,,
Gnomechomsky,baconaitor,hiddan,,,
hiddan,hiddan_wow,Device,,,
Device,device.x,Haarq,,,
Haarq,haarq,Twit,,,
Twit,surewe.,Palemanee,,,
Palemanee,rookii_sebi,Gongfeng,,,
Gongfeng,khunda,Mcboss,,,
Mcboss <The Boys>,mc_mcmcmc,Scryu,,,
Scryu,cyrusjb,Brynrielle,,,
Brynrielle,delta_1982,Boing,,,
Boing <There and Back Again>,visage6613,Fuzed,,,
Fuzy / Feuz / Fuzed,nino.1998,Diudbab,,,
Diudbab (Diudmag),diud0982,Shalartahn,,,
Shalartahn,normal7188,Egge,,,
EggÃ©,leahxz_,Tsumo,,,
Tsumo,foxdie8516,Blearghh,,,
Blearghh,omen4501,Djmorganax,,,
Djmorganax,chrisbay3527,Mokrata,,,
Mokrata,bonevskiq,Vaelen,,,
Vaelen <The Boys>,thevaelen,"Lender ""The Ziggler""",,,
"Lender ""The Ziggler""",mattlender,Woriorr,,,
Woriorr,nox_12345,Elkatell,,,
Elkatell,elkatell_67989,Brushybywfury,,,
Brushybywfury <The Boys>,wildfinance,ShieldSham,,,
ShieldSham <The Boys>,smokeabull,Xiphon,,,
Xiphon,qdwmcgraw,healhealyou,,,
healhealyou <The Boys>,somekindaname,Gurth,,,
Gurth <There and Back Again>,tootergoose,stormy,,,
stormy,lynstorm1,Jumpscare,,,
Jumpscare,fulltilt4431,Brandihunter,,,
Brandihunter,branwolfman,Palt,,,
Palt,maggeuden420,Derane,,,
Derane,derane,Spacetoot,,,
Spacetoot,toothy6285,odradee,,,
odradee,frenchinater_64992,Muleman,,,
Muleman,pesl1545,Aedir,,,
Subrin/Tykho,ruku,Ctf,,,
Ctf,showofskill,Shamborghini,,,
Shamborghini,nightscream.jpg,Gamisteros,,,
Gamisteros,_christos,Griffor,,,
Griffor,vurles,Elizeany,,,
Elizeany,london_food_forever,Bewup,,,
Bewup,sawcoi,"Daxts ""Don Julio""",,,
"Daxts ""Don Julio""",daxts,Highwing,,,
Highwing,yellowcultist,Zebedy,,,
Zebedy (Brad),justbrad.,Arorra,,,
0,cupecake1020,Daegult,,,
Daegult,bidnis,MistAssassin,,,
MistAssassin,mistassassin,Boombringer,,,
Boombringer <The Boys>,jizzus1275,Bellexi,,,
Bellexi <The Boys>,lichbane562,Hellwraith,,,
Hellwraith,veyron7957,Wasntplanned,,,
Wasntplanned,redbrigade,Tunasalad,,,
Tunasalad,tuna_salad,Gaberenewal,,,
Gaberenewal,icoom,Wrannis,,,
Wrannis,itsmeslayer,Buushi,,,
Buushi,yuusha14,Lafleurpush,,,
Lafleurpush,lafleur7push,Sheldraneth/Hitoriel,,,
Sheldraneth/Hitoriel,jaunedice,Bicker,,,
Bicker,biki_2468,Pyreus/Holydiiver,,,
Pyreus/Holydiiver,holydiver108,Greybull,,,
Greybull <The Boys>,warnekin,Furikake/Raphelia,,,
Furikake/Raphelia <The Boys>,micke6663,Ego,,,
Ego,nidal4,Abilities,,,
Abilities <The Boys>,eyedea808,Balkanzealot,,,
Balkanzealot,lova7434,Anothar,,,
Anothar,whatthehekje,Diudbab,,,
Diudbab (Diudmag),diud0982,Shireweed,,,
Shireweed,stickybubble,Fuark,,,
Fuark <There and Back Again>,atls_23,Vises,,,
Vises,visesman,Alaksia,,,
Alaksia,void00416,Dananana,,,
Dananana,danatious,Katafey,,,
Katafey,stenna,Dsfargeg,,,
Dsfargeg,thatsthejoke,Mootang,,,
Mootang,kylereally,Kressel,,,
Kressel,kressel,Temps,,,
Temps,miltemp,Harski,,,
Harski,harski6991,Essy,,,
Essy,nagyerikhans,Enchanter,,,
Enchanter <The Boys>,michael5983,Citiara,,,
Citiara,saimajere,Dmack/Yes,,,
Dmack/Yes <The Boys>,legendarycola,Tarrom,,,
Tarrom,tarrom,Supertone,,,
Supertone,akarka.,Mooist,,,
Mooist <The Boys>,fail103,Destroyr,,,
Destroyr,tjokko,Davion,,,
Davion <The Boys>,general_butt_naked,Cathren,,,
Cathren,.amycia,Lodestar,,,
Lodestar,utanskor_hos_pappa,Yolokahainen,,,
Yolokahainen,yolokahainen,Icqt,,,
Icqt,zvndung,bigbot,,,
bigbot,gazoppe,Kryyk,,,
Kryyk <The Boys>,kryyk,Warhon,,,
Warhon,warhonko,Doomkin,,,
Doomkin <The Boys>,bungobaggin,Itfollows,,,
Itfollows,_myowngrave_,Mad Hatter,,,
Mad Hatter,.hatter,Riceburner,,,
Riceburner,afkgettingrich,Aesteria,,,
Aesteria,taylondor,Ashmar,,,
Ashmar,gerche,kaznia,,,
kaznia,kazno,fullmoon,,,
fullmoon,icanport,Denna,,,
Denna <The Boys>,crazyfrog3436,Burntcow,,,
Burntcow,dc2104,Sognepraest,,,
Sognepraest,nikzz,Derc/Credenda,,,
Derc/Credenda,cred8,Arcx,,,
Arcx,.karten,Papedimuh,,,
Papedimuh,papedipupi,Mewarrr,,,
Mewarrr,hvidee_52945,Eldior,,,
Eldior,.m4x0u,Fuzed,,,
Jumpscare,fulltilt4431,Orml,,,
